IAB ID,Company Name,Rating,Rating By Users,Rating Status,Google Map Number,EstablishedYear,5 Years Period,Office Address,Division,Thana,Postcode,Email ID,Contact,Website,Website Status,Name of Proprietor/Partner/Director,Lab ID,Designation,IAB Member Architect,Architectural Graduate,Total
IAB-RP-A01,ABASHAN UPODESHTA LIMITED ,3.8,4,Available,"23.757337816404448, 90.370728180003",1996,1996-2000,"Bengal Centre, Plot 2, Civil Aviation, New Airport Road, Khilkhet, Dhaka-1229",Dhaka, Khilkhet,Dhaka-1229,mail@abashan.com," +88-02-8901185, 8901180",www.abashan.com,Registered,Ar. Luva Nahid Chowdhury,C-018,Managing Director,3,2,5
IAB-RP-A02,ADS ARCHITECTS DESIGN STUDIO ,N/A,N/A,Unavailable,"23.871033289470223, 90.394364427156",2005,2001-2005,"House#29-31, Road#18, Sector#7, Uttara , Dhaka 1230",Dhaka, Uttara ,Dhaka-1230,ads.architectstudio@gmail.com, +88-02-8950536,Unavailable,Unregistered,Ar. Md. Sayedul Hasan,H-103,Principal Architect,4,1,5
IAB-RP-A03,AKRITY ,N/A,N/A,Unavailable,"23.813181917767896, 90.37096772603236",2008,2006-2010,"House-10/GA (GF), Road-2, Shyamoli, Dhaka",Dhaka, Shyamoli,Dhaka-1207,akriti.si@gmail.com,"01711-241294, 01684-224488",www.akritybd.com,Registered,Ar. Monir Hossain Khan,K-104,Architect,1,7,8
IAB-RP-A04,ANWAR & ASSOCIATES ,5,15,Available,"23.852816552839275, 90.41596879534842",2006,2006-2010,"House #221(GF), Road -15, New DOHS, Mohakhali, Dhaka 1206",Dhaka, Mohakhali, Dhaka-1206,ahaq06@yahoo.com, +88-02-8837313,http://www.anwarassociates.com,Registered,Ar. Anwarul Haq Chow,C-021,Principal Architect,3,4,7
IAB-RP-A05,ARC ARCHITECTURAL CONSULTANTS ,5,1,Available,"23.74271884416684, 90.39046841676327",1977,1976-1980,"60A, Road 7A, Dhanmondi, Dhaka-1209",Dhaka, Dhanmondi, Dhaka-1209,"arc.architect@gmail.com, nahaskhalil@yahoo.com", +88-02-8117462,Unavailable,Unregistered,Ar. Nahas Ahmed khalil,K-022,Principal Architect,5,3,8
IAB-RP-A06,ARCHDOERS ,N/A,N/A,Unavailable,"23.810507460600984, 90.41243965116891",2012,2011-2015,"H#252,R#19(old), West Dhanmondi,Dhaka-1209",Dhaka,Dhanmondi,Dhaka-1209,archdoers@gmail.com," 01816506988, 01816506989",https://archdoers.com,Registered,Ar. Quazi Fahima Naz,N-024,Partner Architect,3,2,5
IAB-RP-A07,ARCHEGROUND LTD. ,4.8,28,Available,"23.751202782307708, 90.38170851438687",2012,2011-2015,"“NoorMahal”, 44/1, Lake-Circus, Kalabagan, Dhaka-1205",Dhaka, Kalabagan, Dhaka-1205,"studio@archeground.com, arche_ground@yahoo.com", +88-02-9138516,www.archeground.com,Registered,Ar. Nabi Newaz Khan,K-106,Chairman,0,0,0
IAB-RP-A08,ARCHFIELD ,N/A,N/A,Unavailable,"23.792290436540217, 90.40627271068911",2010,2006-2010,"32/D, Road-10, Banani, Dhaka",Dhaka, Banani, Dhaka-1213,archfield2010@gmail.com," 01713338002, 01819117710",https://www.archdaily.com,Registered,Ar. Syeda Nitee Mahbub,M-090,Partner,4,1,5
IAB-RP-A09,ARCHITECT HASAN & ASSOCIATES LTD. ,N/A,N/A,Unavailable,"23.77316946047102, 90.36421964417818",1998,1996-2000,"House# 1/4,Flat# C4,Block# C, Lalmatia, Dhaka-1207",Dhaka, Lalmatia,Dhaka-1207,cmfoundation@gmail.com, +88-02-8125830,Unavailable,Unregistered,Ar. Md. Hasan Shams Uddin,S-014,Managing Director,1,5,6
IAB-RP-A10,ARCHITECTES CONTEMPORAIN (ARCON) ,N/A,N/A,Unavailable,"23.75509457713657, 90.36621550883854",1996,1996-2000,"House-2/8, Block-E, Lalmatia, Dhaka",Dhaka, Lalmatia,Dhaka-1207,sazal953@gmail.com," 044-78004350, 044-78004353",Unavailable,Unregistered,Ar. S.M. Helaluddin Ahmed,A-101,Proprietor,3,1,4
IAB-RP-A11,ARCHIWORKS CONSULTANTS ,N/A,N/A,Unavailable,"23.774654838052843, 90.41237284931839",2009,2006-2010,"House-48, Road-02, Block-B, Niketan, Gulshan 01, Dhaka-1212",Dhaka, Gulshan, Dhaka-1212,archiworks.bd@hotmail.com,1715035772,www.archiworks.bd.wix.com/Home,Registered,Ar. Mohammad Arefeen Ibrahim,I-047,Proprietor,4,2,6
IAB-RP-A12,ARCHSEL ,N/A,N/A,Unavailable,"23.778977975718377, 90.39509512233235",1997,1996-2000,"34/KA, Shyamoli Pisiculture H/S, Dhaka-1207",Dhaka,Shyamoli, Dhaka-1207,mail@archsel.com," +88-02-8124698, 8116617",www.archsel.com,Registered,Ar. Imtiaz Farid Chowdhury,C-036,Chief Architect,2,6,8
IAB-RP-A13,ARESCON CONSULTANT,N/A,N/A,Unavailable,"23.755172740421873, 90.38763912528044",2004,2001-2005,"137-Jahanara Garden, 5th Floor, E-4, Green Road, Dhaka-1205",Dhaka, Green Road, Dhaka-1205,arescon@gmail.com, +88-02-8151121,Unavailable,Unregistered,Ar. Md. Helal Uddin,U-006,CEO/Proprietor,1,4,5
IAB-RP-A14,ARTISAN ARCHITECTS ENGINEERS & DEVELOPMENTS LTD. ,4.9,10,Available,"23.79774313443562, 90.37456446672705",2011,2011-2015,"56/A, DOHS Road, Old DOHS, Banani, Dhaka-1206",Dhaka, Banani, Dhaka-1206,info@artisanbd.com," +88-02-8813992, 9889360",www.artisanbd.com,Registered,Ar. Sayeed Parvez Reza Latif,L-007,Managing Director,1,5,6
IAB-RP-A15,ARTYSPACE DESIGN STUDIO ,4.9,31,Available,"1.31512385298437, 103.8984313085185",2010,2006-2010,"Azad Bhaban (7th Floor), 79/A, Jamal Khan Road, Chittagong, Bangladesh",Chittagong, Jamal Khan, Chittagong-4000,artyspace.designstudio@gmail.com, +88-031-2867388,https://artispacedesignstudio.com,Registered,Ar. Ananya Bikash Barua,B-040,Chief Architect,1,4,5
IAB-RP-A16,AHMED HOSSAIN ARCHITECTS AND ASSOCIATES ,4,4,Available,"23.867706030155862, 90.39184862418455",2009,2006-2010,"House-10, 2nd Floor, Road-03, Sector-05, Uttara, Dhaka 1230.",Dhaka, Uttara, Dhaka-1230,"ahaaabd17@gmail.com, ashraf303@yahoo.com"," +88016179672992, +8801727672992",Unavailable,Unregistered,Ar. Ashraful Alam Ahmed,A-182,Principal Architect,3,3,6
IAB-RP-A17,ALIGN ARCHITECTS ,N/A,N/A,Unavailable,"22.366031503888767, 91.8321578803407",2010,2006-2010,"House-14, Road-14, 1/Kha, Sugandha, Panchlish, Chittagong",Chittagong, Panchlish, Chittagong-4203,hossan_0047@yahioo.com,8801737280617,http://aligngroupbd.com/webmail,Registered,Ar. Hossan Murad,M-084,CEO & Proprietor,2,2,4
IAB-RP-A18,ARC.IN.D ,N/A,N/A,Unavailable,"23.791093183947662, 90.41609298711019",1996,1996-2000,"25, Gulshan Avenue, Taj Casilina (5th Floor), 6/E, Gulshan-1, Dhaka-1212",Dhaka, Gulshan, Dhaka-1212,arcindexind@gmail.com, +88-02-9890855,Unavailable,Unregistered,Ar. Nusrat Jahan,J-016,Managing Director,1,0,1
IAB-RP-A19,ARCH.PMC ,4,4,Available,"23.788346160148, 90.41550932973054",2018,2016-2020,"Plot-22, Road-12, Block-F, Niketan, Gulshan-1, Dhaka-1212",Dhaka, Gulshan, Dhaka-1212,"masiarchitect@gmail.com, arch.pmc.bd@gmail.com",8801799586501,www.archpmc.com,Registered,Ar. Mohammad Sajjadul Islam,I-075,Principal Architect & CEO,1,0,1
IAB-RP-A20,ARCHIAAN ARCHITECTS ,5,3,Available,"23.814126201734148, 90.3573501236361",2014,2011-2015,"14, KA, Ring Road, Khan Plaza, 3rd Floor, Shyamoli, Dhaka",Dhaka, Shyamoli,Dhaka-1207,archiaan07@gmail.com,8801679224304,www.archiaan.com,Registered,Ar. Shohel Ahamed,A-180,Managing Partner,1,0,1
IAB-RP-A21,ARCHINET ARCHITECTS & ENGINEERS ,N/A,N/A,Unavailable,"23.816484329094685, 90.37203263898903",2010,2006-2010,"House-33, Road-04, Dhanmondi, Dhaka-1205",Dhaka, Dhanmondi, Dhaka-1205,archinet2008@gmail.com,8801712228469,Unavailable,Unregistered,Ar. Iftekhar Ahmed,A-143,Principal Architect & CEO,3,0,3
IAB-RP-A22,ARCHITEKTON (PVT.) LTD. ,4.5,6,Available,"23.795566664135713, 90.40924478740205",1995,1991-1995,"House-28, Road-28, Block-K, Banani, Dhaka-1213",Dhaka, Banani, Dhaka-1213,"architekton_bd@yahoo.com, minhas.rahman@architekton.com.bd"," +88-02-9862930, +8801711520963",www.architekton.com.bd,Registered,Ar. Minhasur Rahman,R-044,Managing Director,2,5,7
IAB-RP-A23,ARCHSTUDIO ,5,1,Available,"23.745872933473766, 90.36688286493346",2018,2016-2020,"151, West Dhanmondi, Dhaka-1209",Dhaka, West Dhanmondi, Dhaka-1209,samabegum@gmail.com,8801716897632,Unavailable,Unregistered,Ar. Salma Begum,B-044,Architect,3,0,3
IAB-RP-A24,ARCHYTAS LIMITED ,4.8,4,Available,"23.789041776288308, 90.41609236966302",2014,2011-2015,"Road-36, House-16, Gulshan-2, Dhaka 1212.",Dhaka, Gulshan, Dhaka-1212,archytas.s@gmail.com,8801911386561,www.archytasltd.com,Registered,Ar. Zahidul Hoque Shaikot,S-135,Managing Director,1,1,2
IAB-RP-A25,ARQUITECTURA DESIGN STUDIO,5,10,Available,"23.755241027182176, 90.37377070859976",2015,2011-2015,"Lake Palisade, House 23, Level 02, Road 27, Dhanmondi, Dhaka 1209",Dhaka, Dhanmondi, Dhaka-1209,faiahsa@gmail.com,880241021810,https://www.arquitecturabd.com,Registered,Ar. Fariha Sharmeen Akbar,A-198,Proprietor,4,2,6
IAB-RP-A26,ARQUITECTURA (PVT.) LTD. ,5,10,Available,"23.755241027182176, 90.37377070859976",2017,2016-2020,"Lake Palisade, House 23, Level 02, Road 27, Dhanmondi, Dhaka 1209",Dhaka, Dhanmondi, Dhaka-1209,mail@arquitecturabd.com,880241021810,www.arquitecturabd.com,Registered,Ar. Fariha Sharmeen Akbar,A-198,Chairman,0,0,0
IAB-RP-A27,AYOTEEK ,4.5,10,Available,"23.781875446058894, 90.39676386411439",2016,2016-2020,"House-B 115, 4th Floor, Lane-7,DOHS, Mohakhali, Dhaka 1206",Dhaka, Mohakhali, Dhaka-1206,"kasif@ayoteek.com, ayoteek@gmail.com"," +88-02-9882689, +8801712511535",www.ayoteek.com,Registered,Ar. Muhammed Kasif Hasnaen,H-172,Managing Partner,2,3,5
IAB-RP-A28,ARCHITECTURE TOMORROW ,5,3,Available,"23.838191582162104, 90.36940783103472",2013,2011-2015,"House-730 (Ground Floor), Road-10, Avenue-3/4, DOHS, Mirpur, Dhaka",Dhaka, Mirpur, Dhaka-1216,zaman_arch1122@yahoo.com," +88-02-8080884, +8801716526915",www.architecturetomorrow.com,Registered,Ar. Mohammad Saifuzzaman,S-111,Principal Architect & Managing Director,2,2,4
IAB-RP-A29,ARESCON CONSULTANT ,N/A,N/A,Unavailable,"23.75572803509802, 90.38810106466035",2004,2001-2005,"137, Jahanara Garden, Green Road, 5th Floor, Dhaka-1205",Dhaka, Green Road, Dhaka-1205,"helal201@hotmail.com, arescon1984@gmail.com"," +88-02-8151121, +8801713037260",Unavailable,Unregistered,Ar. Md. Helal Uddin,U-006,Principal Architect,2,1,3
IAB-RP-A30,ARCHITECTS’ HORIZON ,5,7,Available,"24.209714501897757, 90.90267216805125",2017,2016-2020,"House-05, Road-14, Nikunja2, Khilkhat, Dhaka-1229",Dhaka, Khilkhat, Dhaka-1229,biplob.azone@gmail.com," +88-02-55098138, +8801755599208",www.architectshorizon.com,Registered,Ar. Biplob Kumar Mondal,M-116,Founder & Lead Architect,3,0,3
IAB-RP-A31,ASSOCONSULT LTD. ,4,1,Available,"41.835557638125024, 12.464379218851635",1978,1976-1980,"849/3, Begum Rokeya Sharani, 2nd Floor, Shewrapara, Mirpur, Dhaka-1216",Dhaka, Mirpur, Dhaka-1216,assoconbangla@yahoo.com," +88-02-9004662, +88-02-9004663",Unavailable,Unregistered,Ar. Mubasshar Hussain,H-013,Managing Director,0,0,0
IAB-RP-A32,AURITRO ARCHITECTS ,5,1,Available,"12.980019462562092, 77.64210576386817",2014,2011-2015,"House-60/A, Road-7/A, Dhanmondi R/A, Dhaka-1209",Dhaka, Dhanmondi, Dhaka-1209,aupee0061@gmail.com, +88 01815258257,Unavailable,Unregistered,Ar. Mohammad Mahbub Hossain,H-149,Managing Partner,4,0,4
IAB-RP-A33,ARCHITECTS & ASSOCIATES LTD ,5,1,Available,"23.750227658470155, 90.42569337336077",2015,2011-2015,"Plot no-NEO/16, Block-C, Holding no-730, Khilgaon, Dhaka",Dhaka, Khilgaon, Dhaka-1219,arch@aaaltd.com.bd," +88 01758742536, +88 02-47215613",https://aaaltd.com.bd,Registered,Ar. Mahbubul Hasan,H-209,Principal Architect,0,0,0
IAB-RP-A34,ARCHIWORKS CONSULTANTS ,N/A,N/A,Unavailable,"23.774733384959845, 90.41335990219716",2009,2006-2010,"House-48, Road-02, Block-B, 1st Floor, Niketan R/A, Gulshan-1, Dhaka-1212",Dhaka, Gulshan, Dhaka-1212,archiworks.bd@hotmail.com, +88 01715035772,archiworksbd.wixsite.com/home,Registered,Ar. M. Arefeen Ibrahim,I-047,Principal Architect,0,0,0
IAB-RP-A35,ANGON ARCHITECTS ,N/A,N/A,Unavailable,"23.74570165154544, 90.37619925116698",2017,2016-2020,"House-60/A, Road-7/A, Dhanmondi, Dhaka-1216",Dhaka, Dhanmondi, Dhaka-1216,emun97@gmail.com, +88 01711829295,Unavailable,Unregistered,Ar. Md. Momanul Islam Emun,E-008,Principal Architect,3,0,3
IAB-RP-A36,ARC ANGON CONSORTIUM ,N/A,N/A,Unavailable,"23.74567218988986, 90.37625289534519",2017,2016-2020,"House-60/A, Road-7/A, Dhanmondi, Dhaka-1216",Dhaka, Dhanmondi, Dhaka-1216,emun97@gmail.com, +88 01711829295,Unavailable,Unregistered,Ar. Nahas Ahmed Khalil,K-022,Partner,0,0,0
IAB-RP-B01,BASATIKALPA ,N/A,N/A,Unavailable,"22.746780576339635, 91.86617320540216",1982,1981-1985,"70/1 Naya Paltan, VIP Road, Dhaka‐1000",Dhaka, VIP Road, Dhaka‐1000,asfar@global‐bd.net,  +88‐02‐7252314,www.basatikalpa.com,Registered,Ar. Asfarul Islam,I‐020,Proprietor,1,6,7
IAB-RP-B02,BESTEC INFOTECH ,N/A,N/A,Unavailable,"23.864187852618677, 90.40254608500788",2013,2011-2015,"House‐02, Road‐14/A, Sector‐4, Uttara Model Town, Dhaka‐1230",Dhaka, Uttara Model Town, Dhaka‐1230,tariqul@bestecgroup.com, 09611689575‐6,https://bestec.com.au/,Registered,Ar. Tariqul Islam,I‐028,Proprietor,5,15,20
IAB-RP-B03,BINYASH ,4.6,36,Available,"23.778801521806027, 90.39519501808661",2005,2001-2005,"House‐480, Road‐32, New DOHS, Mohakhali, Dhaka‐1206",Dhaka, Mohakhali, Dhaka‐1206,rahat.niaz@gmail.com, +88‐02‐8715368,www.binyashltd.com,Registered,Ar. Rahat Mujib Niaz,N‐029,Principal Architect,0,0,0
IAB-RP-B04,BKS & ASSOCIATES ,N/A,N/A,Unavailable,"23.81346076243884, 90.47202871499925",2008,2006-2010,"House‐07, Road‐05, Apt‐5B, Block‐I, Banani, Dkaka‐1213",Dhaka, Banani, Dkaka‐1213,marathon_architects@yahoo.com, +88‐02‐9677467,www.bksandassociates.com,Registered,Ar. Bidhan Kumar Saha,S‐062,Proprietor,2,3,5
IAB-RP-B05,BABUIBASHA: A SUSTAINABLE ARCHITECTURE. ,N/A,N/A,Unavailable,"23.77552398298975, 90.36476153767481",2013,2011-2015,"The Emporium, D‐05, 14/1, Mirpur Road, Shyamoli, Dhaka‐1207",Dhaka, Shyamoli, Dhaka‐1207,babuibasha@gmail.com,"88,017,115,936,588,800,000,000,000",Unavailable,Unregistered,Ar. Ruksana Sultana,S‐155,Principal,2,2,4
IAB-RP- B06,37 BRIDGE ,N/A,N/A,Unavailable,"23.786156523697883, 90.35379822233256",2009,2006-2010,"138, Darus Salam, Mirpur, Dhaka",Dhaka, Mirpur, Dhaka-1216,contact@37bridge.net, +88‐02‐8051994,www.37bridge.net,Registered,Ar. Faysal Kabir,K‐108,Principal Architect,2,2,4
IAB-RP- B07,BASHA BARI LTD. ,4.2,6,Available,"23.736994709098887, 90.38756603897633",2012,2011-2015,"3rd Floor, 332, Elephant Road, Dhaka‐1205",Dhaka, Elephant Road, Dhaka‐1205,bashabari.architects@gmail.com, +88‐01711534290,Unavailable,Unregistered,Ar. Dr. Prof. Nizamuddin Ahmed,A‐040,Managing Director,2,1,3
IAB-RP-C01,CAD LTD ,4.8,10,Available,"23.791891354254307, 90.41390610274443",1984,1981-1985,"CWN (B), 18/B, Road‐44, Gulshan‐2, Dhaka‐1212",Dhaka, Gulshan, Dhaka‐1212,"cadinan@gmail.com, cadsayeda@gmail.com",8801671119933,cad-inan.com,Registered,Ar. B.K.S. Inan,I‐015,Managing Director,7,0,7
IAB-RP-C02,COCREATE STUDIO ,4.9,69,Available,"-33.876583075659056, 151.10532481078707",2018,2016-2020,"65, Suvastu Imam Square, 5th Floor, Gulshan Avenue, Gulshan‐1, Dhaka‐1212",Dhaka, Gulshan, Dhaka‐1212,cocreate@suvastu.com.bd,8801819272915,https://cocreatestudios.com.au,Registered,Ar. Nazmul Haque Khan,K‐056,Managing Partner,1,0,1
IAB-RP-C03,CUBEINSIDE DESIGN LTD. ,4.7,69,Available,"23.792890899572626, 90.40463434267697",2009,2006-2010,"House‐5B, Road‐05, Block‐I, Banani, Dhaka‐1213",Dhaka, Banani, Dhaka‐1213,cubeinside@gmail.com, +88‐02‐9870193,www.cubeinsidebd.com,Registered,Ar. Khandaker Ashifuzzaman,A‐194,Managing Director,0,0,0
IAB-RP-D01,DESH UPODESH LTD,4,3,Available,"23.7545730979797, 90.37329205431939",1985,1981-1985,"House 80/C (4th floor), Block‐D, Asad Avenue,  Mohammadpur, Dhaka‐1207",Dhaka,  Mohammadpur, Dhaka‐1207,"munirullah@gmail.com, alfaz.hossain1@gmail.com"," +88‐02‐8117694, 9137154",www.deshupodesh.com,Registered,Ar. Munirul Haque,H‐011,Managing Director,0,0,0
IAB-RP-D02,DESIGN CELL ,4.7,17,Available,"23.756547293226692, 90.3849566678126",2012,2011-2015,"75 Indera Road, Metro Garden, Ground Floor, Flat‐GC, Dhaka‐1215",Dhaka, Metro Garden, Dhaka‐1215,designcell.cell@gmail.com, +88‐02‐ 8150612,https://designcellbd.com/,Registered,Ar. Arif Hasan,H‐136,CEO,1,3,4
IAB-RP-D03,DESIGN ENGINEERS & ARCHITECTS ,N/A,N/A,Unavailable,"23.865361982190404, 90.39843643767752",1992,1991-1995,"House‐14, Road‐9, Sector‐4, Uttara",Dhaka, Uttara, Dhaka-1230,tjl_slm@yahoo.com, +88‐02‐9886055,Unavailable,Unregistered,Ar. Tajul Islam,I‐019,Managing Director,2,7,9
IAB-RP-D04,DESIGN VISION ASSOCIATES LTD ,4.2,19,Available,"23.803925615109666, 90.42395400034857",1998,1996-2000," AAA Tower, Plot‐80, Block‐J, baridhara pragati Sharani, Dhaka‐1212",Dhaka, Baridhara Pragati Sharani, Dhaka‐1212,info@designvision.com.bd," +88‐02‐9895183, 8834353",www.designvision.com.bd,Registered,Ar. Alamgir Jalil,J‐014,Managing Director,0,0,0
IAB-RP-D05,DOMUS ,4.4,27,Available,"23.79383206324927, 90.40466453897803",1986,1986-1990," Safura Tower(level 14), 20 Kamal Atartuk Avenue,Banani C/A,  Banani ,Dhaka 1213",Dhaka,  Banani ,Dhaka-1213,"domus@accesstel.net, domusdesk@gmail.com"," +88‐02‐8822629, 9820968, 9820969, 9889418",www.domusbdarchitects.com,Registered,Ar. Mustafa Ameen,A‐010,Proprietor,6,12,18
IAB-RP-D06,DCON DESIGN STUDIO ,4.8,52,Available,"23.762738487016506, 90.37224302123828",2005,2001-2005," 6/10, 1st Floor, Lalmatia, Block‐A, Dhaka",Dhaka, Lalmatia, Dhaka-1207,"dcon.design@gmail.com, faisal2395@hotmail.com", : +8801711614551,https://dcon.com.bd/service-building.html,Registered,Ar. Abu Anas Faisal,F‐012,Partner,3,3,6
IAB-RP-D07,DEHSAR WORKS ,4.8,13,Available,"23.789130200971808, 90.4025224739087",2015,2011-2015," Apt‐LV8, House‐10, Road‐6/A, Dhanmondi R/A, Dhaka‐1209",Dhaka, Dhanmondi, Dhaka‐1209,rashed@dehsarworks.com,8801818064118,www.dehsarworks.com,Registered,Ar. Rashed Hassan Chowdhury,C‐069,Principal Architect,4,5,9
IAB-RP-D08,DIAGONAL ARCHITECTS ,N/A,N/A,Unavailable,"23.774823664251425, 90.36359713767474",2014,2011-2015," Flat‐A‐14, (14th Floor), Building‐12, Bashati Provati, Ring Road, Shyamoli, Dhaka‐1207.",Dhaka, Shyamoli, Dhaka‐1207,fairoze@diagonalarchitects‐bd.com," +88‐02‐9126473,8801766490119",www.diagonalarchitects‐bd.com,Registered,Ar. Fairoze Shamim,S‐067,CEO & Principal Architect,1,2,3
IAB-RP-D09,DOT ARCHITECTS ,N/A,N/A,Unavailable,"23.76206997324969, 90.358704766177",2014,2011-2015," House‐40, Road‐12, Block‐Kha, PC Culture Housing Society, Mohammadpur, Dhaka‐1207",Dhaka, Mohammadpur, Dhaka‐1207,Dot.architects@hotmail.com," +8801612880595, +8801965370464",dotarchbd.com,Registered,Ar. Sudeshna Shireen Chowdhury,C‐063,Partner Architect,0,0,0
IAB-RP-D10,DWG ,4.9,16,Available,"23.752411319268088, 90.36871220829164",2008,2006-2010," House‐56,Road‐27,Apt‐1 C1, Dhanmond R/A, Dhaka‐1209",Dhaka, Dhanmond, Dhaka‐1209,info@dwg‐office.com," +88‐02‐9125596,8801819287680",www.dwg‐office.com,Registered,Ar. Naheed Farzana,F‐010,Managing Partner,0,0,0
IAB-RP-D11,DA‐SEIN ARCHITECTS ,5,3,Available,"23.746724003171277, 90.37882921232456",2004,2001-2005," Unit: 1/C/1, House: 56, Road: 27(old), 16 (new), Dhanmondi, Dhaka‐1209.",Dhaka, Dhanmondi, Dhaka‐1209,shawon.dasein@gmail.com," +88 01711937254, +88 02‐9125596",www.dasein‐bd.com,Registered,Ar. Md Rashidur Rahman,R‐134,Principal Architect,0,0,0
IAB-RP-D12,DWm4 ARCHITECTS ,4,2,Available,"23.783971437741588, 90.39550872863681",1995,1991-1995," 236, Lake Road , New DOHS , Mohkhali , Dhaka ‐1206",Dhaka, Mohkhali , Dhaka‐1206,info@dwm4intrends.com," +88 01712921323, +88 02‐9885564",www.dwm4.com,Registered,Ar. Mamnoon M. Chowdhury,C‐031,Architect & Partner,0,0,0
IAB-RP-D13,DWm4 INTRENDS LTD. ,N/A,N/A,Unavailable,"23.782744224086294, 90.39397450514046",2014,2011-2015," 236, Lake Road, New DOHS, Mohakhali, Dhaka‐1206",Dhaka, Mohakhali, Dhaka‐1206,info@dwm4intrends.com, +88 02‐222280802,www.dwm4intrends.com,Registered,Ar. Mamnoon M. Chowdhury,C‐031,Chairman,0,0,0
IAB-RP-E01,ENVIRON STRUCTURE LTD. ,N/A,N/A,Unavailable,"23.804209688446665, 90.4124991101427",1988,1986-1990,"86 Laboratory Road, Dhanmondi R/A,  Dhaka‐1205",Dhaka, Dhanmondi,  Dhaka‐1205,esl_arch@yahoo.com," +88‐02‐9660876, 9660851",https://www.environ-sl.com/,Registered,Ar. Moid Ul Ahsan,A‐028,Managing Director,6,9,15
IAB-RP-E02,ECLIPTIC ,4.8,9,Available,"23.76048233140177, 90.38491602548393",2009,2006-2010,"27/D, Monipuripara, Tejgaon, Dhaka‐1215",Dhaka, Tejgaon, Dhaka‐1215,eclipticbd@gmail.com," +88‐02‐9145364, +8801819244544",Unavailable,Unregistered,Ar. Tanwir Serajuddowla,S‐075,Chairman & Principal Architect,3,2,5
IAB-RP-E03,EHSAN KHAN ARCHITECTS LTD. ,5,1,Available,"23.77916282931441, 90.4204581071941",2010,2006-2010,"25, Gulshan Avenue, Taj Casilina (5th Floor), 6/E, Gulshan‐1, Dhaka‐1212",Dhaka, Gulshan, Dhaka‐1212,"ehsan@ekarchitects.com.bd, admin@ekarchitects.com.bd", +88‐02‐9890855,Unavailable,Unregistered,Ar. Md. Ehsan Khan,K‐047,Managing Director,10,3,13
IAB-RP-E04,ENVISION ARCHITECTS  ,N/A,N/A,Unavailable,"23.756244835560434, 90.36818917151146",1999,1996-2000,"6/2, Block‐B, 1st Floor, Lalmatia, Dhaka‐1207",Dhaka, Lalmatia, Dhaka‐1207,"qazimarif2012@gmail.com, principal@envision‐arch.org", +88‐02‐58151763,www.envision‐arch.org,Registered,Ar. Qazi Muhammad Arif,A‐059,Principal Architect,3,1,4
IAB-RP-F01,FOURTH DIMENSION ,5,1,Available,"23.86570520562129, 90.40743925182028",2007,2006-2010,"House‐25/A, Road‐18, Sector‐3, Uttara Model Town, Dhaka‐1230",Dhaka, Uttara Model Town, Dhaka‐1230,turjo_96inte@yahoo.com," +88‐02‐7913394, 8957701",www.fourthdimensionbd.com,Registered,Ar. A. F. M. Ashek Imran,I‐061,Proprietor & Principal Architect,2,12,14
IAB-RP-F02,FALGUNI MALLICK & ASSOCIATES ,N/A,N/A,Unavailable,"23.869314769226516, 90.39484370829521",2011,2011-2015,"Flat‐B2, House‐29&31, Road‐18, Sector‐7, Uttara, Dhaka‐1230",Dhaka, Uttara, Dhaka‐1230,"fma_architects@yahoo.com, fmallick74@gmail.com",8801970112299,https://falgunimallick-associates.com/,Registered,Ar. Falguni Mallick,M‐046,Principal Architect,2,4,6
IAB-RP-F03,FIALKA ,N/A,N/A,Unavailable,"22.347142979633112, 91.83466735242851",1999,1996-2000,"Press Club Building, (2nd Floor), Jamal Khan Road, Chittagong.",Chittagong, Jamal Khan, Chittagong-4000,ashiq.fialka@gmail.com," +88‐031‐618599, +88‐031‐,2863269",Unavailable,Unregistered,Ar. Ashiq Imran,I‐044,Principal Architect,3,2,5
IAB-RP-G01,GKA & ASSOCIATES  ,N/A,N/A,Unavailable,"23.74749930392894, 90.37113671122559",2009,2006-2010," 5A, 5th Floor, House‐99, Road‐11/A, Dhanmondi R/A, Dhaka‐1209",Dhaka, Dhanmondi, Dhaka‐1209,gakhan0306@yahoo.com, +88‐02‐8191082,www.gka‐bd.com,Registered,Ar. Ghausul Alam Khan,K‐027,CEO/Proprietor,1,4,5
IAB-RP-G02,GENESIS ARCHITECTS ,5,1,Available,"24.00034319486305, 90.42764856412107",2017,2016-2020," House‐F‐214/3, Uttar Chaya Bithy, Gazipur Sadar, Gazipur‐1700",Dhaka, Gazipur Sadar, Gazipur‐1700,info@genesis.archi,8801812807687,www.genesis.archi,Registered,Ar. Noymul Haque Nohon,N‐040,CEO,1,4,5
IAB-RP-G03,GRAVITY ARCHITECTURE STUDIO ,4.7,13,Available,"23.783964284650313, 90.39412420644317",2017,2016-2020," House 268 (4th Floor‐Right), Road 19, New DOHS Mohakhali, Dhaka‐1206.",Dhaka, New DOHS Mohakhali, Dhaka‐1206,gravity.asbd@gmail.com," +88 01730096986, +88 01676057570",www.gravityarchitecturestudio.com,Registered,Ar. Md. Nahid Hasan,H‐186,Managing Partner,0,0,0
IAB-RP-H01,H I ARCHITECTS ,N/A,N/A,Unavailable,"43.752041569753395, -79.46438082206959",2019,2016-2020," 101, R M Centre (Level‐3), CWN (C) 5, Gulshan Avenue, Gulshan, Dhaka‐121",Dhaka, Gulshan, Dhaka‐121,md.hasan.imam23@gmail.com, +88 01714110471,Unavailable,Unregistered,Ar. Mohammad Hasan Imam,I‐037,Principal Architect,1,0,1
IAB-RP-I01,IDEA ,N/A,N/A,Unavailable,"23.75350720781661, 90.3743721440427",2003,2001-2005," JMC Plaza, Flat‐A‐6,    House‐8/A/9, Road‐13(New), Dhanmondi, Dhaka‐1209",Dhaka, Dhanmondi, Dhaka‐1209,idea@enstudio.org, +88‐02‐9144347,Unavailable,Unregistered,Ar. Moushumi Ahmed,A‐159,Managing Director,1,3,4
IAB-RP-I02,IMAGE ARCHITECTS ,N/A,N/A,Unavailable,"23.780341065746324, 90.3657417088393",2010,2006-2010," House‐10/GA, Road‐2, Shyamoli, Dhaka‐1207",Dhaka, Shyamoli, Dhaka‐1207,image_architects@yahoo.com," +8801712573353, +8801681235750",Unavailable,Unregistered,Ar. Md. Emdadul Habib,H‐155,Principal Architect,2,3,5
IAB-RP-I03,INGRID ARCHITECTS ,5,1,Available,"23.998374687815005, 90.3045532805385",1996,1996-2000," House#394(3rd floor), Road#29, DOHS Mohakhali , Dhaka 1206",Dhaka, DOHS Mohakhali , Dhaka-1206,ingrid_dhaka@yahoo.com, +88‐02‐9880507,Unavailable,Unregistered,Ar. Anwarul Islam Khan,K‐083,Partner,0,0,0
IAB-RP-I04,ICON DESIGN STUDIO ,N/A,N/A,Unavailable,"23.744173512832024, 90.38103819294889",2014,2011-2015," Icon Elan, House‐29, Road‐7, 1st Floor, Dhanmondi, Dhaka‐1205",Dhaka, Dhanmondi, Dhaka‐1205,suriti@icon‐bd.com,8801819211608,https://www.icondesignstudio.net/,Registered,Ar. Suriti Tassannum,T‐022,Principal Architect,2,0,2
IAB-RP-I05,INARCH STUDIO AND CONSTRUCTION LIMITED ,4,4,Available,"23.78324705626653, 90.39834557202735",2010,2006-2010," House‐140, 3rd Floor, Road‐04, New DOHS, Mohakhali, Dhaka‐1206",Dhaka, Mohakhali, Dhaka‐1206,studio.inarch@gmail.com,8801715005352,www.studioinarch.com.bd,Registered,Ar. Mohammad Mamunur Rasheed,R‐089,Managing Director & Principal Architect,0,0,0
IAB-RP-I06,INSIGHT ARCHITECTS  ,5,6,Available,"23.763055144398432, 90.35847318870368",2010,2006-2010," House‐122, Road‐01, Mohammadi Housing Society, Mohammadpur, Dhaka‐1207",Dhaka, Mohammadpur, Dhaka‐1207,insightarcdhaka@gmail.com,8801711577032,www.facebook.com/insightarch,Registered,Ar. Masud Ur Rashid,R‐104,Principal Architect,6,1,7
IAB-RP-I07,IN QUEST DESIGN STUDIO ,4.7,35,Available,"23.756378193494683, 90.36806382548379",2017,2016-2020," House‐5/12, Ground Floor, Block‐D, Lalmatia, Dhaka‐1209",Dhaka, Lalmatia, Dhaka‐1209,inquestbd@gmail.com," 02 58153033, +88 01713038759, +88 01717602792",www.inquestbd.com,Registered,Ar. Selim Altaf Biplob,B‐025,Sr. Partner,0,0,0
IAB-RP-I08,"INTEGRATED DESIGNERS, ENGINEERS AND ARCHITECTS LIMITED",2,2,Available,"23.771122578265203, 90.36949056692744",2020,2016-2020," Flat‐C5, Mother’s Dream Apartments, 1/2, 1/3 Darussalam, Dhaka‐1216",Dhaka,Darussalam, Dhaka‐1216,contact.ideal.consultants@gmail.com, +88 01912085801,https://intdesigns.com/,Registered,Ar. Syed Abdul Halim,H‐233,Managing Director,3,0,3
IAB-RP-J01,J.A.ARCHITECTS LTD. ,4.6,59,Available,"23.794504266793826, 90.41947217390887",2005,2001-2005,"Apt: C1, 1st Floor, Rabbee House, CEN(B)11, Road 99,Gulshan 2, Dhaka‐1212",Dhaka,Gulshan, Dhaka‐1212,mail@jaarchitects.com.bd," +88‐02‐9889196, 9887311",www.jaarchitects.com.bd,Registered,Ar. Afroza Ahmed,A‐087,Chairperson,0,0,0
IAB-RP-J02,J.M. CONSULTANT ,,,Unavailable,"23.794070432234413, 90.3846383659642",2009,2006-2010,"937, Flat‐G5, Eidgha Road, Ibrahimpur, Kafrul, Cantonment, Dhaka",Dhaka, Cantonment, Dhaka-1206,"consultant.jm878@gmail.com, mrinmoyadhakary@yahoo.com"," +8801712621792, +8801942909110",Unavailable,Unregistered,Ar. Mrinmoy Adhikary,A‐121,Sr. Architect,1,2,3
IAB-RP-K01,KHETRO ,4.5,10,Available,"23.77382091961627, 90.41378744807572",2007,2006-2010," Flat ‐1, House‐431,Road‐30,New DOHS,Mohakhali,  Dhaka‐1206",Dhaka,Mohakhali,  Dhaka‐1206,info@khetro.com, +88‐02‐8872212,www.khetro.com,Registered,Ar. Al Numan Md. Yunus,Y‐008,Managing Partner,0,0,0
IAB-RP-K02,KHETTRA ARCHITECTS ,5,28,Available,"23.88293123154381, 90.43311237812642",2005,2001-2005," H#72,Ground Floor,R#8/A, Dhanmondi,Dhaka‐1209",Dhaka, Dhanmondi,Dhaka‐1209,khettra@gmail.com, +88‐02‐ 8142871,www.khettraarchitects.com,Registered,Ar. Mainul Quader Tito,T‐006,CEO,1,6,7
IAB-RP-K03,K2AH+ ARCHITECTS ,5,1,Available,"23.74873889906433, 90.37152615768883",2014,2011-2015," House‐91, 1st Floor, Road‐9/A, Dhanmondi, Dhaka‐1209",Dhaka, Dhanmondi, Dhaka‐1209,k2ah.architects@gmail.com,"88,017,171,839,188,800,000,000,000",https://www.facebook.com/K2AHArchitects,Registered,Ar. Ahsanul Haque Rubel,R‐153,Managing Partner,0,0,0
IAB-RP-K04,KHETTRA ARCHITECTS & ENGINEERS LIMITED ,N/A,N/A,Unavailable,"23.726035351805578, 90.42056708185143",2000,1996-2000," House‐337, Ground Floor, Road‐23, New DOHS, Mohakhali, Dhaka‐1206",Dhaka, Mohakhali, Dhaka‐1206,khettra2000@gmail.com, +88‐02‐8835831,https://khettraarchitects.com/,Registered,Ar. A.K.M Lutful Kabir,K‐065,Managing Director,4,2,6
IAB-RP-K05,KALPAK ARCHITECTS ,N/A,N/A,Unavailable,"24.319158679681298, 91.16316277465637",2019,2016-2020," 13‐B, Rupsha Tower, 07, Kemal Ataturk Avenue, Banani, Dhaka",Dhaka, Banani, Dhaka-1213,kkalpon@gmail.com, +88 01711899081,https://www.kalpakarchitects.com/,Registered,Ar. Kazi Touhidul Islam,I‐041,Partner,2,0,2
IAB-RP-M01,MATRIX   ,N/A,N/A,Unavailable,"23.782175310101128, 90.39491968870429",2000,1996-2000," House‐B‐181, (3rd Floor), Road‐23, New DOHS, Mohakhali, Dhaka‐1206",Dhaka, Mohakhali, Dhaka‐1206,archmiraz@yahoo.com,8801191557292,Unavailable,Unregistered,Ar. Muhammed Miraz Ur Rahman,R‐087,Principal Architect,1,7,8
IAB-RP-M02,MAATRIK ARCHITECTS ,4.5,22,Available,"23.926995672161, 90.77852676367493",2000,1996-2000," 137/A/1, Jahanara Garden, Green Road, Dhaka‐1205",Dhaka, Green Road, Dhaka‐1205,maatrikmail@gmail.com," +8801723563209, +8801673545909",www.maatrik.net,Registered,Ar. Md. Aminul Islam,I‐051,CEO,1,3,4
IAB-RP-M03,MW3 DESIGN + PARTNERS ,5,9,Available,"23.772318380346046, 90.40770065856566",2014,2011-2015," House‐24 (7th Floor), Road‐14, Block‐G, Niketon, Gulshan‐1, Dhaka‐1212",Dhaka, Gulshan, Dhaka‐1212,"mahtab@mw3.com.bd, mw3designpartners@gmail.com", +88‐02‐9840957,www.mw3.com.bd,Registered,Ar. Mahtab Hussain Siddique,S‐101,President & Principal Architect,10,0,10
IAB-RP-N01,NAYREET ARCHITECTS ,4.4,9,Available,"23.791866083503777, 90.40799925432054",2007,2006-2010," House‐14, Road‐13/C, Block‐E, Banani, Dhaka‐1213",Dhaka, Banani, Dhaka‐1213,nayreet_architects@yahoo.com," +88‐02‐7913394, 8957701",www.nayreetarchitects.com,Registered,Ar. Shaila Joarder,J‐013,Managing Partner,0,0,0
IAB-RP-N02,NOUVEAU ARCHITECTS.  ,N/A,N/A,Unavailable,"23.756942537614087, 90.36563135411652",2009,2006-2010," House‐F5, Ground Floor, Block‐E, Jakir Hossain Road, Mohammadpur, Dhaka‐1207",Dhaka, Mohammadpur, Dhaka‐1207,razaoull@gmail.com,8801912137212,Unavailable,Unregistered,Ar. Mohammed Razaoull Karim,K‐132,Proprietor,5,0,5
IAB-RP-N03,NAKSHABID ARCHITECTS ,4.4,5,Available,"23.794066666063117, 90.40415851938975",2006,2006-2010," 8, Kemal Ataturk Avenue, ABC House (5th Floor), Banani C/A, Dhaka‐1213.",Dhaka, Banani, Dhaka‐1213,nakshabid@gmail.com," +88 01819221011, +88 02‐9845080",www.nakshabid.com,Registered,Ar. Bayejid Mahbub Khondker,K‐077,Principal Architect,0,0,0
IAB-RP-O01,OLI MAHMUD ARCHITECTS ,5,12,Available,"23.742035486993473, 90.38547549109933",2008,2006-2010,"170‐171,Elephant Road (B‐1),Hatirpool ,Dhaka 1205",Dhaka,Hatirpool ,Dhaka-1205,olimahmud@gmail.com, +88‐02‐9668945,www.olimahmud.com,Registered,Ar. Oli Mahmud,M‐059,Managing Director,4,3,7
IAB-RP-P01,PRACHEE STHAPATI ,N/A,N/A,Unavailable,"23.747785007110902, 90.38191435856493",2008,2006-2010," Room‐F‐5 (3rd Floor), 113 Lake Circus, Kalabagan, Dhaka‐1205",Dhaka, Kalabagan, Dhaka‐1205,saumenhazra@yahoo.com," +88‐02‐9112912, +8801713065657",www.pracheesthapati.com,Registered,Ar. Saumen Hazra,H‐109,Principal Architect,1,4,5
IAB-RP-P02,PROFILE LTD ,4.8,76,Available,"23.777426969455327, 90.41377161014191",1996,1996-2000," House 18, Road 6,Gulshan‐1 , Dhaka 1213.",Dhaka,Gulshan, Dhaka-1213,"profileltd@gmail.com, info@profilelimited.com"," +88‐02‐9854672‐5, 8812145, 8815034",www.profilelimited.com,Registered,Ar. Md. Abdus Salam,S‐047,Managing Director,21,46,67
IAB-RP-P03,PROKALPA UPODESHTA LTD ,3.8,4,Available,"23.757455652428845, 90.3712860794562",1989,1986-1990," House 2/16 (5th & 6th Fl), Block B, Lalmatia, Dhaka‐1207.",Dhaka, Lalmatia, Dhaka‐1207,info@pulbd.com," +88‐02‐9117689, 9126909",www.pulbd.com,Registered,Ar. Shahidul Hasan Azad,H‐045,Managing Director,0,0,0
IAB-RP-P04,PRONAYON ,4.5,12,Available,"22.32641391984458, 91.8150427008518",1990,1986-1990," Comm.Court(3rd Floor), 95 Agrabad C/A, Chittagong",Chittagong,Agrabad, Chittagong-4100,"pronayon@capcobd.com, shakoor_sohail@yahoo.com",031‐716066,www.pronayon.com,Registered,Ar. Sohail M Shakoor,S‐021,Principal,0,0,0
IAB-RP-R01,REGIONAL ARCHITECTS ,N/A,N/A,Unavailable,"23.78285328704205, 90.39906478870432",2013,2011-2015," House 112,  Road‐06, Mohakhali, New DOHS, Dhaka‐1206",Dhaka,Mohakhali, Dhaka‐1206,regional_architects@yahoo.com,Unavailable,Unavailable,Unregistered,Ar. Jalal Uddin Md. Akbar,A‐128,Partner,2,0,2
IAB-RP-R02,RIDDHI ARCHITECTS ,N/A,N/A,Unavailable,"23.74403351985892, 90.39227061411319",2008,2006-2010," 8/44 Eastern Plaza (7th Floor), Sonargaon Road, Dhaka‐1205",Dhaka, Sonargaon, Dhaka‐1205,riddhi.arch@gmail.com, +88‐02‐8626480,Unavailable,Unregistered,Ar. Abu Hena Md. Zia Uddin,U‐005,Proprietor  & Managing Partner,6,4,10
IAB-RP-R03,RIVNAT ARCHITECTS ,N/A,N/A,Unavailable,"23.752411544802353, 90.38063166945803",2006,2006-2010," 56, Lake Circus, Kalabagan (2nd floor), West Panthapath, Dhaka‐1205",Dhaka, West Panthapath, Dhaka‐1205,rivnat360@gmail.com, +88‐02‐9127032,Unavailable,Unregistered,Ar. Shakhawat Tanvir Hossain,H‐107,Principal Architect,1,2,3
IAB-RP-R04,RACHONA CONSULTANTS ,N/A,N/A,Unavailable,"23.753373458360297, 90.36850734507198",1997,1996-2000," House‐44 (2nd Floor), Road‐15, Block‐D, Banani, Dhaka‐1213",Dhaka, Banani, Dhaka‐1213,rachona@gmail.com," +88‐02‐9820896, +8801713017973",Unavailable,Unregistered,Ar. Riad Rouf,R‐061,Principal Architect,3,2,5
IAB-RP-R05,REINCARNATION ,4.8,11,Available,"23.77305505957899, 90.41422369479922",2010,2006-2010," Apt‐5, House‐3, Road‐7, Block‐C, Niketon, Gulshan‐1, Dhaka‐1212",Dhaka, Gulshan, Dhaka‐1212,reincarnationbd@yahoo.com, +88‐02‐9854352,www.reincarnation‐bd.com,Registered,Ar. Khandoker Abdal Hossain,H‐133,Principal Architect  & Partner,6,5,11
IAB-RP-R06,ROOFLINERS_STUDIO OF ARCHITECTURE ,4.9,39,Available,"23.761620517626387, 90.37163569109993",2012,2011-2015," Flat‐C1, House‐277, Road‐01, Baitul Aman Housing Society, Adabor, Mohammadpur, Dhaka‐1207",Dhaka, Mohammadpur, Dhaka‐1207,"contact@roofliners.org, roofliners.bd@gmail.com"," +8801706602332, +8801815007774",www.roofliners.org,Registered,Ar. Sarawat Iqbal,I‐091,Architect Partner,0,0,0
IAB-RP-R07,ROSEBUD CONSULTANTS LTD ,5,3,Available,"23.736014112825597, 90.41195950644169",1995,1991-1995," 14, Bijoy Nagar, 3rd Floor, Dhaka‐1000",Dhaka, Bijoy Nagar, Dhaka‐1000,rosebudcon@gmail.com," +88‐02‐9334169, +88‐02‐9354491",Unavailable,Unregistered,Ar. A.K.M. Quamrul Hasan,H‐071,Managing Director,1,0,1
IAB-RP-R08,River & Rain Ltd. ,4.5,65,Available,"23.81102673505338, 90.41998636589054",2015,2011-2015," H‐100B, Road‐6A, Banani DOHS, Banani, Dhaka‐1206",Dhaka, Banani, Dhaka‐1206,riverandraininfo@gmail.com, +88 01734017695 +88 01746506316,www.riverandrain.net,Registered,Ar. Kazi Fida Islam,I‐060,Principal Architect,0,0,0
IAB-RP-S01,SAIUJ CONSULTANTS ,N/A,N/A,Unavailable,"23.87677493799367, 90.48189591593113",2001,2001-2005," 539, Baitul Aman Housing Society, Road‐12, P.S. Adabor, P.O.‐Mohammedpur, Dhaka‐1207",Dhaka,Mohammedpur, Dhaka‐1207,saiuj_con@yahoo.com, +88‐02‐8190746,Unavailable,Unregistered,Ar.Mirza Shahper Jalil,J‐019,Managing Director,0,0,0
IAB-RP-S02,SCENIC ,N/A,N/A,Unavailable,"23.750806921603775, 90.38730022603043",2008,2006-2010," Fattah Plaza (8th Floor),  70 Green road, Dhaka‐1205",Dhaka, Green road, Dhaka‐1205,scenicbd@gmail.com, +88‐02‐9677467,Unavailable,Unregistered,Ar. Mohammad Fazlul Quader,Q‐004,CEO,2,3,5
IAB-RP-S03,SHANGBIT ,N/A,N/A,Unavailable,"23.745682010442472, 90.3762528953452",2010,2006-2010," House‐60/A, Road‐7/A, Dhanmondi, Dhaka",Dhaka, Dhanmondi, Dhaka-1209,shangbit.architects@gmail.com,Unavailable,Unavailable,Unregistered,Ar. Abu Sayem Mohammad Rahmatullah,R‐083,Partner,2,1,3
IAB-RP-S03,SHELTER ARCHITECTS AND ENGINEERS LIMITED  ,5,9,Available,"24.940801805327755, 92.95739938315975",1996,1996-2000," 5, Outer Circular Road, Z.R. Tower (2nd floor), Rajarbag, Dhaka‐1217",Dhaka, Rajarbag, Dhaka‐1217,shelterarchitect32@yahoo.com," +88‐02‐9358428, 8333384",Unavailable,Unregistered,Ar. Mukhtar Ahmed,A‐023,Managing Director,6,12,18
IAB-RP-S04,SILT ,4.4,37,Available,"27.257593178496325, 100.99156985606672",2011,2011-2015," House‐204/A, Road‐09, New DOHS, Mohakhali, Dhaka‐1206",Dhaka, Mohakhali, Dhaka‐1206,"silt.bd@gmail.com,silt@silt.com.bd", +88‐02‐9892062,www.silt.com.bd,Registered,Ar.Razib Hassan Chowdhury,C‐0048,Principal Architect,1,2,3
IAB-RP-S05,SPACE SCAPE ,4.2,23,Available,"13.042924915968223, 80.26554999085523",1996,1996-2000," H‐78,Road 11, Sector 13,Uttara ,Dhaka 1230",Dhaka,Uttara ,Dhaka 1230,arch_pintoo@yahoo.com, +88‐02‐8918765,Unavailable,Unregistered,Ar. Rafiul Alam,A‐047,Chief Executive,1,2,3
IAB-RP-S06,SRISHTI SHAILEE ,5,2,Available,"23.773632075282656, 90.41146983569553",2008,2006-2010," House‐297B, Road‐19B, New DOHS, Mohakhali, Dhaka‐1206",Dhaka, Mohakhali, Dhaka‐1206,srishtishailee@yahoo.com," +88‐02‐8711883, 8711884",Unavailable,Unregistered,Ar. Mobin Uddin Mohammed Helaly,H‐134,Partner Architect,2,8,10
IAB-RP-S07,SRISTI UPADESHTA ,1,1,Available,"23.751066812045433, 90.42680510501039",1995,1991-1995," 3/3, North Road, (4th Floor),  Dhanmondi‐1205",Dhaka,  Dhanmondi,Dhaka-1205,saiful.hafiz@gmail.com,88-029346825,Unavailable,Unregistered,Ar. Saiful Hafiz,H‐055,Principal Architect,2,3,5
IAB-RP-S08,STUDIO XI ARCHITECTS ,4.7,6,Available,"23.73979040969185, 90.39002338924982",2003,2001-2005," 211/1,Elephant Road, Dhaka‐1205",Dhaka,Elephant Road,Dhaka‐1205,studio_xi_architects@yahoo.com," +88‐02‐8813992, 9889360",Unavailable,Unregistered,Ar. Ashik Vaskor Mannan,M‐070,Managing Partner,2,3,5
IAB-RP-S09,STUDIO ECOTECTURE LIMITED ,3,5,Available,"23.7509041635846, 90.38826949479856",2011,2011-2015," 1st Floor, H‐57/D, Road‐15A (New), 26 (old), Dhanmondi Res. Area, Dhaka‐1205.",Dhaka, Dhanmondi Res. Area, Dhaka‐1205,info@studioecotecture.com, +88‐02‐8191422,www.studioecotecture.com,Registered,Ar. S. M. Hasan Kabir,K‐030,Managing Director,4,6,10
IAB-RP-S10,STUDIO HDA ,N/A,N/A,Unavailable,"23.784779976902765, 90.39676090369812",2013,2011-2015," 14/C,(Gr Floor), Road ‐02,Block‐ L, Banani , Dhaka.",Dhaka, Banani , Dhaka-1213,studiohda@gmail.com, +88‐02‐9888123,https://www.studiohda.com/,Registered,Ar. Mohammad Maksumul Hoque,H‐150,Chief Architect,1,5,6
IAB-RP-S11,STYLE LIVING ARCHITECTS LTD ,4.3,33,Available,"22.368341910990797, 91.82944255242909",2004,2001-2005," Ramna Trade Center (8th Floor), 36/7 CDA Avenue, Muradpur, Chittagong",Chittagong, Muradpur, Chittagong-4203,chairman@stylelivingbd.com,01714-050222,www.stylelivingbd.com,Registered,Ar. Md. Mizanur Rahman,R‐097,Chairman,0,0,0
IAB-RP-S12,SYMBIOTIC ARCHITECTS & ASSOCIATES  ,N/A,N/A,Unavailable,"23.87584824662597, 90.38670907761036",2011,2011-2015," Ground Floor, House‐78, Road‐18, Sector‐11, Uttara, Dhaka‐1230",Dhaka, Uttara, Dhaka‐1230,Symbiotic.aa@live.com, +88‐02‐8991817,https://www.symbiotic.com.bd/,Registered,Ar.Abul Bashar Md. Shamsuzzaman,S‐027,Managing Partner,4,6,10
IAB-RP-S13,SYNTHESIS ARCHITECTS ,4.7,22,Available,"23.785949688870392, 90.40307088315605",1999,1996-2000," House‐30, Block‐KA, Pisci Culture H/S, Shamoly, Dhaka‐1207",Dhaka, Shamoly, Dhaka‐1207,"synthesisarchitectsbd@gmail.com, synthesis_arch@yahoo.com"," +88‐02‐9124105,9124638,8141642",https://www.synthesisarchitectsltd.com/,Registered,Ar. Patrick D’Rozario,R‐135,Partner,12,14,26
IAB-RP-S14,S & ASSOCIATES ,5,1,Available,"23.72977481420728, 90.41819027432531",2009,2006-2010," 44/7‐A,B, 1st Floor, Suite‐03, West Panthapoth, Dhaka",Dhaka, West Panthapoth, Dhaka-1205,sabd5200@gmail.com,8801730303421,https://sites.google.com/view/sabd/home?authuser=0,Registered,Ar. Md. Raisul Rafi Shaon,S‐089,CEO & Sr. Architect,2,1,3
IAB-RP-S15,SHATOTTO ARCHITECTURE FOR GREEN LIVING ,4.4,14,Available,"23.804172317678447, 90.42250956781402",1995,1991-1995," House‐1/11, 2nd Floor, Iqbal Road, Mohammadpur, Dhaka‐1209",Dhaka, Mohammadpur, Dhaka‐1209,shatotto@gmail.com," +88‐02‐8119702, +8801711641175",www.shatottogreen.com,Registered,Ar. Md. Rafiq Azam,A‐055,Principal Architect,9,5,14
IAB-RP-S16,"SPACE ARCHITECTS, ENGINEERS, PLANNERS ",4.9,269,Available,"23.745686583158392, 90.38427032993972",2011,2011-2015," House#407 (5‐A), Road#29, New DOHS, Mohakhali, Dhaka 1206",Dhaka, Mohakhali, Dhaka 1206,"fawad_hyder@yahoo.com, info@spacearcht.com"," +88‐02‐9840245, +8801979873387",www.spacearcht.com,Registered,Ar. D.S. Fawad Hyder,H‐056,Proprietor,0,0,0
IAB-RP-S17,STHAPOTIK ,5,2,Available,"23.755170354968815, 90.36976328315507",2006,2006-2010," House‐8/2, 1st Floor, Block‐D, Lalmatia, Dhaka",Dhaka, Lalmatia, Dhaka-1207,sthapotik_arch@yahoo.com,8801713039777,www.sthapotik.com,Registered,Ar. Sharif Uddin Ahammed,A‐137,Proprietor,5,2,7
IAB-RP-S18,STUDIO DHAKA ARCHITECTS ,5,2,Available,"23.87376942472178, 90.40990858106717",2017,2016-2020," 44, Rabindra Sharani Road, Sector‐7, Uttara Model Town, Dhaka‐1230",Dhaka, Uttara Model Town, Dhaka‐1230,studio.dhaka.architects@gmail.com,8801534355957,www.studiodhakaarchitects.com,Registered,Ar. Tarek Md. Saidul Islam,I‐081,Principal Architect,2,1,3
IAB-RP-S19,STUDIO DHAKA LIMITED. ,4.5,75,Available,"23.75000452383661, 90.37520218315485",2016,2016-2020," House‐91/1, Road‐11/A, Dhanmondi R/A, Dhaka‐1205",Dhaka, Dhanmondi, Dhaka‐1205,studiodhakaltd@gmail.com,8801711335635,www.studiodhaka.com,Registered,Ar. Muhammad Moniruzzaman,M‐086,Managing Director,4,7,11
IAB-RP-S20,SYSTEM ARCHITECTS ,4.4,59,Available,"23.796889328861628, 90.4084266101425",2001,2001-2005," House‐31, [Celeste], Unit‐A2, Road‐20, Block‐K, Banani, Dhaka‐1213",Dhaka, Banani, Dhaka‐1213,nirjhar@systemarchitectsbd.com," +88‐02‐9843303, +88‐02‐9842193",www.systemarchitectsbd.com,Registered,Ar. Enamul Karim,K‐058,Principal Architect & CEO,4,9,13
IAB-RP-S21,SILVERBRICKS ,4.4,8,Available,"22.346777372398755, 91.82130311009979",2008,2006-2010," 3rd Floor, IEB Bhaban, S.S Khaled Road, Chittagong",Chittagong,S.S Khaled Road,Chittagong-4000,info@silverbricksbd.com, +88‐01714084433,https://silverbricksbd.com/login,Registered,Ar. Mohammad Asaduzzaman Chowdhury,C‐040,Managing Partner,0,0,0
IAB-RP-S22,STUDIO MORPHOGENESIS LTD. ,5,2,Available,"23.75561991451502, 90.36741531014123",2014,2011-2015," Suite‐2D, House‐11, Road‐14, Gulshan‐1, Dhaka‐1212",Dhaka, Gulshan, Dhaka‐1212,design@studiomorphogenesis.com, +88 01723819678 +88 02 9858862,www.studiomorphogenesis.com,Registered,Ar. Shahla Karim Kabir,K‐050,,0,0,0
IAB-RP-T01,THE DESIGNERS ,4.9,18,Available,"23.749878904462058, 90.38234350408126",2001,2001-2005,"House‐431, Road‐30, DOHS, Mohakhali, Dhaka‐1206",Dhaka, Mohakhali, Dhaka‐1206,malikshaheen@yahoo.com, +88‐02‐9850798,Unavailable,Unregistered,Ar. Shaheen Malik,M‐009,CEO,1,5,6
IAB-RP-T02,TRIANGLE CONSULTANTS ,N/A,N/A,Unavailable,"24.018326400731294, 93.16973674653455",1993,1991-1995,"House 120(B),Road#1,Block#F, Banani , Dhaka‐1213",Dhaka, Banani , Dhaka‐1213,shakoormajid@yahoo.com, +88‐02‐8812109‐10,https://www.triangle-consultants.com/,Registered,Ar. Shakoor Majid,M‐031,CEO,2,7,9
IAB-RP-T03,TANYA KARIM N.R. KHAN & ASSOCIATES ,4.5,23,Available,"23.74701172647182, 90.37563805062025",1993,1991-1995,"Laboni‐2, Flat‐B1 & C1, House‐24, Road‐9/A, Dhanmond R/A, Dhaka‐1209",Dhaka, Dhanmond, Dhaka‐1209,mail@tknrk.com," +88‐02‐58156547, +88‐02‐9142487",www.tknrk.com,Registered,Ar. Nurur Rahman Khan,K‐049,Architect Partner,0,0,0
IAB-RP-T04,TARIQUE HASAN & ASSOCIATES LTD. ,4.7,22,Available,"23.793052956295824, 90.40314889110087",2013,2011-2015,"House‐31, Road‐06, Block‐C, Banani, Dhaka‐1213",Dhaka, Banani, Dhaka‐1213,tarique.37@gmail.com," +88‐02‐9896337, +88‐02‐9882504",www.thalbd.com,Registered,Ar. Tarique Hasan,H‐097,Managing Director,5,5,10
IAB-RP-T05,TRIOTECT & ASSOCIATES LTD. ,4.8,16,Available,"23.75191434027837, 90.38368601199058",2018,2016-2020,"25/2, Rani Garh (2nd Floor), Lake Circus, Kalabagan, Dhaka‐1205",Dhaka, Kalabagan, Dhaka‐1205,info@triotect.com.bd," +8801777768366, +8801777768367",www.triotect.com.bd,Registered,Ar. Md. Tareq Abdullah,A‐236,Director,0,0,0
IAB-RP-U01,UNITED CONSULTANT ,4.3,7,Available,"23.84093988067884, 90.47364645915496",2003,2001-2005,"House‐211, (2nd & 3rd), Lane‐13, Lake Road, New DOHS, Mohakhali, Dhaka‐1206",Dhaka, Mohakhali, Dhaka‐1206,mail.awpl@yahoo.com," +88‐02‐9849303, +88‐02‐9849317",Unavailable,Unregistered,Ar. Md. Maruf Hossain Khan,K‐073,Principal Architect,3,12,15
IAB-RP-U02,URBANA ,4.7,26,Available,"23.800960301696428, 90.30062870677874",1996,1996-2000,"House‐56, Road‐5/A, Dhanmondi, Dhaka‐1209",Dhaka, Dhanmondi, Dhaka‐1209,urbana.communications@gmail.com," +88‐02‐9671500, +88‐02‐9671515",https://kashefchowdhury-urbana.com/,Registered,Ar. Mahboob‐E‐Sobhan Chowdhury,C‐025,Principal Architect,6,10,16
IAB-RP-V01,VASTUVITA ARCHITECTS ,3.8,4,Available,"23.87603487490434, 90.3867243371311",2005,2001-2005," Amelia, Suite:A6, House‐71, Road‐17, Sector‐11, Uttara, Dhaka‐1230",Dhaka, Uttara, Dhaka‐1230,vita_arc@yahoo.com, +88‐01678016706,https://vastuvitaarchitects.com/,Registered,Ar. Amit Kumar Saha,S‐077,Partner,0,0,0
IAB-RP-V02,VENNA  ARCHITECTS ,4.6,12,Available,"23.7436527650608, 90.38519011014091",2002,2001-2005," Level‐05, A K Complex,    19‐Green Road, Dhaka‐1205",Dhaka,Green Road, Dhaka‐1205,"architects.venna@gmail.com, architect.asif@gmail.com", +88‐02‐ 8625835,https://vennaarchitects.com/,Registered,Ar. Asif Mohammed Ahsanul Haq,H‐117,Managing Partner,3,6,9
IAB-RP-V03,VISTAARA ARCHITECTS PVT. LTD,4.7,121,Available,"23.774883409066195, 90.41768396781313",1998,1996-2000," Delvistaa Ruparup, Apt‐D1 & B1, SE(H)6, Road‐143, Gulshan Model Town, Gulshan, Dhaka‐1212.",Dhaka, Gulshan, Dhaka‐1212,info@delvistaa.com," +88‐02‐55044873, +88‐02‐55044874, +88‐02‐55044875",https://www.delvistaa.com/,Registered,Ar. Khan Mohammed Mustapha Khalid,K‐037,Managing Director,15,4,19
IAB-RP-V04,VOLUMEZERO LIMITED ,4.6,260,Available,"23.798493393533025, 90.40316370034843",2008,2006-2010," House‐135, Road‐04, Block‐A, Banani , Dhaka 1213.",Dhaka, Banani , Dhaka 1213,"foyez@volumezeroltd.com, ziaul.sharif@gmail.com","  +88‐02‐55035669, +88‐02‐55035670, +88‐02‐55035671",www.volumezeroltd.com,Registered,Ar. Mohammad Foyez Ullah,U‐008,Managing Director,23,4,27
IAB-RP-V05,VUU‐MAATRA CONSULTANTS ,4.8,9,Available,"23.763940081508792, 90.4473059654165",2008,2006-2010," House ‐22, Road ‐12, Block‐F, Niketon Socoety, Gulshan‐1, Dhaka 1206.",Dhaka, Gulshan, Dhaka 1206,info@vuumaatra.com," +88‐02‐58812326, +8801796585535",www.vuumaatra.com,Registered,Ar. Mohammed Ziaul Sharif,S‐094,Chief Architect,0,0,0
IAB-RP-V06,VISTA ARCHITECTURAL CONSULTANT ,4.7,7,Available,"23.75257248027231, 90.36837707205817",1995,1991-1995," House‐67/2/KA, Flat‐E/2, Zigatola, Dhaka‐1209",Dhaka, Zigatola, Dhaka‐1209,"dsarif14@yahoo.com, dsarifoffice@gmail.com", +88‐01971566019,https://architizer.com/firms/vista-architectural-consultant/,Registered,Ar. Dewan Shamsul Arif,A‐079,Proprietor & Principal Architect,5,0,5
IAB-RP-V07,VITTI STHAPATI BRINDO LTD ,4.4,158,Available,"23.76083013106048, 90.38450876781269",1991,1991-1995," 27/A, Level‐6&7, Shangshad Avenue, Dhaka‐1215",Dhaka, Shangshad Avenue, Dhaka‐1215,vittibd@gmail.com," +88 01912888015, +88 02‐8143471",www.vitti.com.bd,Registered,Ar. Md. Iqbal Habib,H‐075,Managing Director,0,0,0
IAB-RP-W01,4 WALLS INSIDE OUTSIDE ,4.7,50,Available,"23.784619995826688, 90.39425972548467",2004,2001-2005," House‐246, Road‐19, New DOHS, Mohakhali, Dhaka‐1206",Dhaka, Mohakhali, Dhaka‐1206,wahidasif@gmaii.com," +88 01711433431, +88 02‐9890003",www.4wallsbd.com,Registered,Ar. M. Wahid Asif,A‐117,Principal Architect,0,0,0